solve_varying,1000,partitioning,q1,0.01,1.0400973123101865E-5,6784.244765,3329.518741,10428.84678
solve_varying,1000,partitioning,q2,0.01,1.0997997810212993E-5,4867.363009,2690.177724,7692.331345
solve_varying,1000,partitioning,q3,0.01,1.0997997805920989E-5,6333.139285,3123.869592,9587.101065
solve_varying,1000,partitioning,q4,0.01,2.97114793877272E-11,338.443601,378.366166,777.438237
solve_varying,1000,partitioning,q5,0.01,1.041515214577296E-9,365.124785,388.234728,800.331111
solve_varying,1000,nf2_sparsev,q1,0.01,1.0400973123102014E-5,11498.467525,3221.142446,14849.49787
solve_varying,1000,nf2_sparsev,q2,0.01,1.099799781021344E-5,10093.449626,2687.930482,12887.890011
solve_varying,1000,nf2_sparsev,q3,0.01,1.0997997805972968E-5,11663.463068,3066.73826,14825.751734
solve_varying,1000,nf2_sparsev,q4,0.01,2.971147938740339E-11,2752.562377,438.784342,3225.996967
solve_varying,1000,nf2_sparsev,q5,0.01,1.0415152145777158E-9,1127.798383,446.038082,1606.736677
solve_varying,1000,partitioning,q1,0.01,1.9558677018057536E-5,6626.831501,3305.721201,10072.274661
solve_varying,1000,partitioning,q2,0.01,2.0758995593552407E-5,4577.599627,2566.194214,7258.80689
solve_varying,1000,partitioning,q3,0.01,2.0758995583500003E-5,6450.519356,2935.619183,9506.585729
solve_varying,1000,partitioning,q4,0.01,1.9069736034472837E-11,368.994602,403.404522,808.733406
solve_varying,1000,partitioning,q5,0.01,6.484363478355586E-10,431.56706,396.345432,864.577337
solve_varying,1000,nf2_sparsev,q1,0.01,1.955867701805736E-5,11455.19854,3228.67779,14811.191034
solve_varying,1000,nf2_sparsev,q2,0.01,2.075899559354939E-5,10010.173498,2654.637827,12800.53042
solve_varying,1000,nf2_sparsev,q3,0.01,2.075899558373441E-5,11534.208219,3108.828518,14767.338239
solve_varying,1000,nf2_sparsev,q4,0.01,1.9069736034828318E-11,2764.190125,421.14821,3214.070225
solve_varying,1000,nf2_sparsev,q5,0.01,6.484363478356574E-10,1218.059779,489.308533,1741.903739
solve_varying,1000,partitioning,q1,0.01,1.706787170451648E-5,6815.969536,3116.850801,10068.66857
solve_varying,1000,partitioning,q2,0.01,1.811849010311473E-5,5340.283003,2560.34954,8011.624567
solve_varying,1000,partitioning,q3,0.01,1.811849008839199E-5,6456.856488,3089.752799,9677.075829
solve_varying,1000,partitioning,q4,0.01,1.557251523573335E-11,214.414901,425.832108,663.190728
solve_varying,1000,partitioning,q5,0.01,7.414415268109118E-10,366.858129,510.27949,895.986768
solve_varying,1000,nf2_sparsev,q1,0.01,1.7067871704516527E-5,11408.313338,3205.372009,14741.33271
solve_varying,1000,nf2_sparsev,q2,0.01,1.8118490103114266E-5,10150.301451,2701.409676,12963.207344
solve_varying,1000,nf2_sparsev,q3,0.01,1.8118490088378312E-5,12186.140039,3099.822996,15401.772284
solve_varying,1000,nf2_sparsev,q4,0.01,1.5572515233797655E-11,2750.353688,434.740269,3213.724367
solve_varying,1000,nf2_sparsev,q5,0.01,7.414415268108303E-10,1146.321649,463.071266,1633.829931
solve_varying,1000,partitioning,q1,0.01,5.213073103483217E-7,6526.746871,3120.790111,9773.478868
solve_varying,1000,partitioning,q2,0.01,5.531524181943549E-7,5280.740019,2570.135618,7961.429752
solve_varying,1000,partitioning,q3,0.01,5.531524194936285E-7,6481.760677,3098.995436,9698.146032
solve_varying,1000,partitioning,q4,0.01,3.0059507128642396E-11,350.773682,432.343146,816.143034
solve_varying,1000,partitioning,q5,0.01,8.300708670126895E-10,439.744672,420.395032,892.929287
solve_varying,1000,nf2_sparsev,q1,0.01,5.213073103483645E-7,11175.840528,3105.975046,14395.847969
solve_varying,1000,nf2_sparsev,q2,0.01,5.531524181939752E-7,10210.506052,2894.877299,13218.955694
solve_varying,1000,nf2_sparsev,q3,0.01,5.53152419492294E-7,12319.048962,3096.45779,15523.51463
solve_varying,1000,nf2_sparsev,q4,0.01,3.005950712978114E-11,2731.732012,439.779663,3203.923692
solve_varying,1000,nf2_sparsev,q5,0.01,8.300708670124526E-10,1203.231094,470.581955,1705.245667
solve_varying,1000,partitioning,q1,0.01,1.632336734482006E-5,6933.404643,3294.040793,10358.693164
solve_varying,1000,partitioning,q2,0.01,1.7318861002818585E-5,5320.650502,2551.439772,7997.556325
solve_varying,1000,partitioning,q3,0.01,1.7318860996584246E-5,6736.501624,3130.291862,9998.63124
solve_varying,1000,partitioning,q4,0.01,4.7235568974441416E-11,366.192881,431.806269,831.207646
solve_varying,1000,partitioning,q5,0.01,7.404906510107616E-10,371.055994,564.591921,967.022424
solve_varying,1000,nf2_sparsev,q1,0.01,1.6323367344819855E-5,11201.772726,3333.024959,14598.57534
solve_varying,1000,nf2_sparsev,q2,0.01,1.7318861002821078E-5,10015.106663,2647.122108,12771.265356
solve_varying,1000,nf2_sparsev,q3,0.01,1.7318860996693828E-5,12326.948674,3098.846253,15541.116819
solve_varying,1000,nf2_sparsev,q4,0.01,4.723556897585552E-11,2580.294585,534.28006,3140.775315
solve_varying,1000,nf2_sparsev,q5,0.01,7.404906510101652E-10,1238.040511,465.620226,1728.985308
solve_varying,1000,partitioning,q1,0.25,1.3109490661325547E-4,7303.242239,3286.21749,10739.731283
solve_varying,1000,partitioning,q2,0.25,1.31329528136752E-4,5629.277564,2723.020457,8468.211336
solve_varying,1000,partitioning,q3,0.25,1.313295281004115E-4,6564.813799,3095.023232,9789.059335
solve_varying,1000,partitioning,q4,0.25,8.943978164815935E-11,426.435475,451.834077,915.924061
solve_varying,1000,partitioning,q5,0.25,1.0301469903124859E-7,502.432999,575.950916,1112.866122
solve_varying,1000,nf2_sparsev,q1,0.25,1.310949066132658E-4,9957.589593,3362.688614,13457.897429
solve_varying,1000,nf2_sparsev,q2,0.25,1.313295281368085E-4,10417.568457,2874.771617,13410.571312
solve_varying,1000,nf2_sparsev,q3,0.25,1.3132952810619106E-4,10723.501634,3242.333615,14099.569149
solve_varying,1000,nf2_sparsev,q4,0.25,8.943978164731796E-11,3219.765857,484.462393,3744.244334
solve_varying,1000,nf2_sparsev,q5,0.25,1.0301469903124046E-7,1286.013995,515.668723,1836.251392
solve_varying,1000,partitioning,q1,0.25,1.278973606508385E-4,6901.412705,3272.501096,10321.035565
solve_varying,1000,partitioning,q2,0.25,1.315466428006812E-4,5679.163067,2750.15354,8537.49261
solve_varying,1000,partitioning,q3,0.25,1.3154664275436199E-4,6913.429898,3072.306494,10122.786767
solve_varying,1000,partitioning,q4,0.25,4.696396286782522E-11,405.340146,424.460383,860.955195
solve_varying,1000,partitioning,q5,0.25,4.852219170006693E-8,495.515542,498.033155,1034.619332
solve_varying,1000,nf2_sparsev,q1,0.25,1.2789736065076785E-4,12320.177064,3387.121378,15848.608491
solve_varying,1000,nf2_sparsev,q2,0.25,1.315466428006711E-4,10520.253067,2876.70899,13513.988259
solve_varying,1000,nf2_sparsev,q3,0.25,1.315466427534452E-4,12778.960124,3223.514422,16140.836509
solve_varying,1000,nf2_sparsev,q4,0.25,4.696396286770284E-11,3089.69808,548.37775,3664.844096
solve_varying,1000,nf2_sparsev,q5,0.25,4.8522191700071335E-8,1397.427565,625.778905,2057.955222
solve_varying,1000,partitioning,q1,0.25,1.1499154919246728E-4,7425.233858,3164.562737,10731.819542
solve_varying,1000,partitioning,q2,0.25,1.1644840374824674E-4,5748.305452,2660.180626,8529.325012
solve_varying,1000,partitioning,q3,0.25,1.1644840372567195E-4,6727.626776,3118.459252,9988.230831
solve_varying,1000,partitioning,q4,0.25,2.2792665686379583E-10,337.928158,464.353364,841.775646
solve_varying,1000,partitioning,q5,0.25,1.672345788091368E-8,418.427655,604.474195,1062.244133
solve_varying,1000,nf2_sparsev,q1,0.25,1.1499154919238239E-4,12359.543882,3388.71252,15886.785859
solve_varying,1000,nf2_sparsev,q2,0.25,1.1644840374823375E-4,10554.082434,3091.748887,13763.212737
solve_varying,1000,nf2_sparsev,q3,0.25,1.1644840371638826E-4,13080.665382,3215.895374,16417.766383
solve_varying,1000,nf2_sparsev,q4,0.25,2.279266568637069E-10,3244.508719,481.62706,3767.275516
solve_varying,1000,nf2_sparsev,q5,0.25,1.6723457880918375E-8,1314.534147,619.513574,1968.002693
solve_varying,1000,partitioning,q1,0.25,1.5055520619032325E-4,6836.677649,3292.001632,10274.452892
solve_varying,1000,partitioning,q2,0.25,1.551271225201997E-4,5950.266828,2762.958462,8835.757483
solve_varying,1000,partitioning,q3,0.25,1.5512712244738193E-4,6320.730786,3117.62017,9577.633042
solve_varying,1000,partitioning,q4,0.25,1.4185048530422457E-10,410.605268,485.103502,928.154368
solve_varying,1000,partitioning,q5,0.25,8.67496210208991E-8,403.078482,532.90103,970.987281
solve_varying,1000,nf2_sparsev,q1,0.25,1.505552061902804E-4,12214.336041,3369.309854,15710.411081
solve_varying,1000,nf2_sparsev,q2,0.25,1.551271225201988E-4,10867.794116,2889.901944,13870.166091
solve_varying,1000,nf2_sparsev,q3,0.25,1.5512712245763712E-4,13059.627333,3186.281944,16411.186405
solve_varying,1000,nf2_sparsev,q4,0.25,1.4185048530427456E-10,3159.708021,489.519634,3689.021855
solve_varying,1000,nf2_sparsev,q5,0.25,8.67496210209021E-8,1375.79681,482.702588,1895.237014
solve_varying,1000,partitioning,q1,0.25,1.0323210417230387E-4,6936.447136,3271.84126,10377.630126
solve_varying,1000,partitioning,q2,0.25,1.0762004167966896E-4,5726.043473,2714.537275,8556.690239
solve_varying,1000,partitioning,q3,0.25,1.0762004164050318E-4,6770.820599,3081.527976,9986.34303
solve_varying,1000,partitioning,q4,0.25,2.2675009383349145E-10,421.932739,497.301037,957.469297
solve_varying,1000,partitioning,q5,0.25,1.9009277884838156E-8,498.956859,495.298581,1023.538698
solve_varying,1000,nf2_sparsev,q1,0.25,1.0323210417230798E-4,12201.325406,3580.057775,15916.945868
solve_varying,1000,nf2_sparsev,q2,0.25,1.0762004167967816E-4,10565.368305,2873.625437,13562.955382
solve_varying,1000,nf2_sparsev,q3,0.25,1.0762004164191E-4,12974.283101,3251.800387,16356.925993
solve_varying,1000,nf2_sparsev,q4,0.25,2.267500938331067E-10,3204.278437,490.859484,3732.54042
solve_varying,1000,nf2_sparsev,q5,0.25,1.9009277884843092E-8,1268.722192,473.679641,1772.007404
solve_varying,1000,partitioning,q1,0.5,1.604298304495194E-4,6677.933361,3442.766916,10269.365228
solve_varying,1000,partitioning,q2,0.5,1.6923202090658835E-4,5527.171869,2956.884593,8607.846194
solve_varying,1000,partitioning,q3,0.5,1.6923202085940384E-4,6808.566431,3248.207188,10202.410747
solve_varying,1000,partitioning,q4,0.5,1.969780895951149E-10,442.369708,553.985274,1044.162457
solve_varying,1000,partitioning,q5,0.5,1.9298585304980443E-8,563.444309,658.433189,1247.322061
solve_varying,1000,nf2_sparsev,q1,0.5,1.604298304494921E-4,13056.43543,3547.900583,16772.59983
solve_varying,1000,nf2_sparsev,q2,0.5,1.6923202090662318E-4,11325.916834,3060.024548,14501.465034
solve_varying,1000,nf2_sparsev,q3,0.5,1.692320208555873E-4,12817.875956,3307.138105,16219.983231
solve_varying,1000,nf2_sparsev,q4,0.5,1.9697808959525393E-10,3812.907654,637.733854,4484.969321
solve_varying,1000,nf2_sparsev,q5,0.5,1.9298585304989383E-8,1345.464653,442.563067,1824.241277
solve_varying,1000,partitioning,q1,0.5,2.11497918202862E-4,6181.547838,3427.263331,9749.950825
solve_varying,1000,partitioning,q2,0.5,2.2098047711382966E-4,5879.942001,2966.024952,8968.666818
solve_varying,1000,partitioning,q3,0.5,2.209804770379836E-4,7108.881685,3455.902287,10708.436825
solve_varying,1000,partitioning,q4,0.5,3.9037122277242933E-10,475.457583,488.09633,1000.240857
solve_varying,1000,partitioning,q5,0.5,2.0519824904960407E-8,532.288186,561.064921,1135.588259
solve_varying,1000,nf2_sparsev,q1,0.5,2.11497918202836E-4,12835.681132,3537.22162,16523.351399
solve_varying,1000,nf2_sparsev,q2,0.5,2.2098047711383617E-4,11314.906233,3051.728392,14519.686359
solve_varying,1000,nf2_sparsev,q3,0.5,2.209804770389581E-4,13356.546822,3407.633951,16902.935414
solve_varying,1000,nf2_sparsev,q4,0.5,3.9037122277243683E-10,3829.310053,531.780819,4405.877921
solve_varying,1000,nf2_sparsev,q5,0.5,2.0519824904965208E-8,1314.785043,467.278528,1823.859408
solve_varying,1000,partitioning,q1,0.5,2.1101890877578882E-4,7599.400406,3454.863143,11186.15645
solve_varying,1000,partitioning,q2,0.5,2.2186464233827486E-4,5829.228745,3119.281534,9040.237182
solve_varying,1000,partitioning,q3,0.5,2.218646422712794E-4,6712.190822,3391.922322,10252.497632
solve_varying,1000,partitioning,q4,0.5,2.725280787584724E-10,468.990452,553.277814,1072.145486
solve_varying,1000,partitioning,q5,0.5,2.375447423984337E-8,535.42031,563.305149,1129.534389
solve_varying,1000,nf2_sparsev,q1,0.5,2.1101890877577625E-4,12397.067204,3607.596084,16152.568719
solve_varying,1000,nf2_sparsev,q2,0.5,2.2186464233823035E-4,11092.746997,3226.949735,14425.308354
solve_varying,1000,nf2_sparsev,q3,0.5,2.2186464228365473E-4,13873.891087,3329.678446,17353.928302
solve_varying,1000,nf2_sparsev,q4,0.5,2.72528078758416E-10,3801.065079,525.120434,4372.252547
solve_varying,1000,nf2_sparsev,q5,0.5,2.3754474239845017E-8,1507.201104,558.228147,2101.380738
solve_varying,1000,partitioning,q1,0.5,1.9562794095897304E-4,7455.996887,3432.03374,11034.051271
solve_varying,1000,partitioning,q2,0.5,2.0189769329921506E-4,5821.748378,2898.355893,8851.236409
solve_varying,1000,partitioning,q3,0.5,2.0189769324062933E-4,7351.649231,3238.44924,10726.312892
solve_varying,1000,partitioning,q4,0.5,2.4936840187260383E-10,471.947943,534.041342,1050.051279
solve_varying,1000,partitioning,q5,0.5,4.662445759262073E-7,516.648574,531.612224,1090.888022
solve_varying,1000,nf2_sparsev,q1,0.5,1.956279409589172E-4,13130.19111,3563.324827,16829.523549
solve_varying,1000,nf2_sparsev,q2,0.5,2.018976932992155E-4,9184.46418,3046.587407,12344.755465
solve_varying,1000,nf2_sparsev,q3,0.5,2.0189769326377525E-4,12715.89842,3359.824693,16183.254461
solve_varying,1000,nf2_sparsev,q4,0.5,2.4936840187268334E-10,3689.054563,514.670434,4246.00929
solve_varying,1000,nf2_sparsev,q5,0.5,4.662445759261896E-7,1391.580973,584.106069,2018.438649
solve_varying,1000,partitioning,q1,0.5,2.0773718707730647E-4,7168.906991,3454.607205,10763.316533
solve_varying,1000,partitioning,q2,0.5,2.176558478818943E-4,6307.649239,3070.98565,9500.114579
solve_varying,1000,partitioning,q3,0.5,2.1767234851991226E-4,7131.251374,3269.313333,10551.338082
solve_varying,1000,partitioning,q4,0.5,7.864399945224267E-11,435.673692,437.386785,922.070374
solve_varying,1000,partitioning,q5,0.5,1.1318765959032785E-7,530.256472,536.107512,1110.39468
solve_varying,1000,nf2_sparsev,q1,0.5,2.077371871001172E-4,12978.16347,3518.783058,16632.027375
solve_varying,1000,nf2_sparsev,q2,0.5,2.176558478383648E-4,11077.135948,3234.770065,14434.457841
solve_varying,1000,nf2_sparsev,q3,0.5,2.1767234838847397E-4,13870.545857,3323.720355,17336.113095
solve_varying,1000,nf2_sparsev,q4,0.5,7.864399945201363E-11,3788.45222,525.892455,4358.334578
solve_varying,1000,nf2_sparsev,q5,0.5,1.1318765959031846E-7,1462.972182,435.821567,1939.123567
solve_varying,1000,partitioning,q1,0.75,3.039871850981861E-4,7687.135262,3641.156183,11487.257299
solve_varying,1000,partitioning,q2,0.75,3.1078483790509685E-4,6168.980915,3206.188878,9501.714423
solve_varying,1000,partitioning,q3,0.75,3.107848378269879E-4,7439.254042,3377.929518,10956.00982
solve_varying,1000,partitioning,q4,0.75,3.89963316603102E-10,458.493328,574.072923,1075.149667
solve_varying,1000,partitioning,q5,0.75,1.6329819760183407E-7,529.347791,622.02756,1190.164096
solve_varying,1000,nf2_sparsev,q1,0.75,3.039871850981479E-4,11108.866567,3834.557379,15084.601093
solve_varying,1000,nf2_sparsev,q2,0.75,3.1078483790508325E-4,11030.93908,3408.31771,14571.596928
solve_varying,1000,nf2_sparsev,q3,0.75,3.1078483783037895E-4,14168.414878,3477.583991,17793.976064
solve_varying,1000,nf2_sparsev,q4,0.75,3.8996331660307013E-10,4202.23119,591.676133,4840.87676
solve_varying,1000,nf2_sparsev,q5,0.75,1.6329819760183235E-7,1498.224626,639.597031,2172.814329
solve_varying,1000,partitioning,q1,0.75,3.1625334078944187E-4,8036.439985,3550.582824,11734.703869
solve_varying,1000,partitioning,q2,0.75,3.257063448814226E-4,6397.028005,3080.470537,9600.92735
solve_varying,1000,partitioning,q3,0.75,3.257063447993338E-4,6643.707489,3501.765178,10288.06124
solve_varying,1000,partitioning,q4,0.75,2.866745772891543E-10,470.441319,558.758931,1079.259368
solve_varying,1000,partitioning,q5,0.75,5.2982769257484266E-8,589.456647,666.097465,1299.515509
solve_varying,1000,nf2_sparsev,q1,0.75,3.1625334078934185E-4,13766.354577,3717.307203,17637.011579
solve_varying,1000,nf2_sparsev,q2,0.75,3.257063448814952E-4,11906.706481,3223.656041,15262.225894
solve_varying,1000,nf2_sparsev,q3,0.75,3.2570634479330376E-4,14324.684732,3467.229982,17897.123192
solve_varying,1000,nf2_sparsev,q4,0.75,2.866745772891102E-10,4242.896594,593.462822,4866.759881
solve_varying,1000,nf2_sparsev,q5,0.75,5.298276925748384E-8,1491.564247,634.29912,2174.278115
solve_varying,1000,partitioning,q1,0.75,2.490949183874288E-4,7115.634275,3612.712909,10880.885125
solve_varying,1000,partitioning,q2,0.75,2.568967912415129E-4,6377.942916,3077.410949,9580.110427
solve_varying,1000,partitioning,q3,0.75,2.5689679115338337E-4,6993.927952,3548.514407,10634.244393
solve_varying,1000,partitioning,q4,0.75,1.0305539677143396E-10,313.090906,462.925595,811.021246
solve_varying,1000,partitioning,q5,0.75,7.35422831945645E-7,604.820334,510.045603,1155.086157
solve_varying,1000,nf2_sparsev,q1,0.75,2.490949183873999E-4,13821.527949,3883.99847,17845.646673
solve_varying,1000,nf2_sparsev,q2,0.75,2.568967912415497E-4,11876.066534,3251.733559,15271.866504
solve_varying,1000,nf2_sparsev,q3,0.75,2.5689679116600267E-4,14225.231794,3602.528663,17976.498404
solve_varying,1000,nf2_sparsev,q4,0.75,1.0305539677143399E-10,4350.703724,669.34744,5061.324043
solve_varying,1000,nf2_sparsev,q5,0.75,7.354228319455878E-7,1495.035088,653.583197,2181.407282
solve_varying,1000,partitioning,q1,0.75,2.798817474444211E-4,7450.894972,3578.41203,11171.490527
solve_varying,1000,partitioning,q2,0.75,2.932641181349671E-4,6263.817857,3072.823283,9486.675353
solve_varying,1000,partitioning,q3,0.75,2.9326411804661426E-4,7349.365285,3544.572944,11057.991884
solve_varying,1000,partitioning,q4,0.75,3.8979353371683983E-10,521.993815,657.793612,1215.371441
solve_varying,1000,partitioning,q5,0.75,1.7077484580655834E-7,622.913607,636.045423,1306.808118
solve_varying,1000,nf2_sparsev,q1,0.75,2.798817474443602E-4,13398.499111,3735.271771,17283.112257
solve_varying,1000,nf2_sparsev,q2,0.75,2.932641181349331E-4,11006.478164,3241.933157,14382.197632
solve_varying,1000,nf2_sparsev,q3,0.75,2.9326411806794713E-4,14435.016834,3476.213297,18057.523026
solve_varying,1000,nf2_sparsev,q4,0.75,3.8979353371699126E-10,4134.519922,578.003731,4757.114246
solve_varying,1000,nf2_sparsev,q5,0.75,1.7077484580654658E-7,1553.356314,643.312476,2242.74891
solve_varying,1000,partitioning,q1,0.75,2.5711622022885213E-4,7696.81393,3767.818001,11620.340399
solve_varying,1000,partitioning,q2,0.75,2.635997129965535E-4,5513.742627,3071.875092,8714.021069
solve_varying,1000,partitioning,q3,0.75,2.635997129136996E-4,7233.032018,3350.588906,10685.464721
solve_varying,1000,partitioning,q4,0.75,5.844769711711631E-11,483.293744,565.415478,1096.95396
solve_varying,1000,partitioning,q5,0.75,3.367480755056789E-8,631.481173,634.295955,1327.679244
solve_varying,1000,nf2_sparsev,q1,0.75,2.5711622022869243E-4,13060.202452,3746.817625,16902.533089
solve_varying,1000,nf2_sparsev,q2,0.75,2.6359971299654423E-4,10618.874442,3231.084279,13968.750581
solve_varying,1000,nf2_sparsev,q3,0.75,2.635997129205787E-4,14465.532988,3475.253725,18093.070248
solve_varying,1000,nf2_sparsev,q4,0.75,5.84476971170046E-11,4150.186811,597.848876,4797.494701
solve_varying,1000,nf2_sparsev,q5,0.75,3.367480755056179E-8,1595.305831,616.984889,2280.230769
solve_varying,1000,partitioning,q1,0.99,3.169794176466663E-4,7920.345452,3738.573342,11818.481356
solve_varying,1000,partitioning,q2,0.99,3.2605598659215E-4,6451.993343,3217.539494,9779.628422
solve_varying,1000,partitioning,q3,0.99,3.260559865025311E-4,7540.45135,3471.609445,11163.569982
solve_varying,1000,partitioning,q4,0.99,1.2344559570638334E-10,570.166803,646.36486,1272.16187
solve_varying,1000,partitioning,q5,0.99,2.8304282874235377E-7,535.86454,710.054166,1287.813802
solve_varying,1000,nf2_sparsev,q1,0.99,3.169794176465829E-4,14566.002876,3845.008165,18575.282154
solve_varying,1000,nf2_sparsev,q2,0.99,3.260559865922555E-4,12437.349737,3318.930172,15905.090177
solve_varying,1000,nf2_sparsev,q3,0.99,3.260559864989028E-4,14565.524593,3598.89342,18370.77328
solve_varying,1000,nf2_sparsev,q4,0.99,1.2344559570638344E-10,4804.524392,640.475245,5492.4613
solve_varying,1000,nf2_sparsev,q5,0.99,2.8304282874234366E-7,1808.601764,708.396639,2565.875419
solve_varying,1000,partitioning,q1,0.99,3.107794019943905E-4,8100.620137,3876.680292,12115.616473
solve_varying,1000,partitioning,q2,0.99,3.162025451740028E-4,6346.794722,3360.449538,9789.722668
solve_varying,1000,partitioning,q3,0.99,3.1534613726440117E-4,7314.127178,3651.288215,11136.979496
solve_varying,1000,partitioning,q4,0.99,7.399357291513472E-10,605.682883,675.581443,1337.056564
solve_varying,1000,partitioning,q5,0.99,4.5287960343182047E-7,693.831994,632.531996,1363.195588
solve_varying,1000,nf2_sparsev,q1,0.99,3.107791154318301E-4,14540.17165,4006.860098,18708.628591
solve_varying,1000,nf2_sparsev,q2,0.99,3.162066638132309E-4,12237.312449,3534.284463,15902.133989
solve_varying,1000,nf2_sparsev,q3,0.99,3.1534613738956943E-4,15062.098477,3616.894624,18836.871397
solve_varying,1000,nf2_sparsev,q4,0.99,7.399357291512591E-10,4821.347984,628.382436,5505.002959
solve_varying,1000,nf2_sparsev,q5,0.99,4.5287960343183667E-7,1780.233962,772.274261,2605.079961
solve_varying,1000,partitioning,q1,0.99,3.3425719534601814E-4,8524.542216,3761.334799,12438.195727
solve_varying,1000,partitioning,q2,0.99,3.406647655156075E-4,6835.772532,3233.468777,10200.900679
solve_varying,1000,partitioning,q3,0.99,3.406647654157603E-4,7570.88207,3475.678091,11178.113649
solve_varying,1000,partitioning,q4,0.99,2.326050690733565E-10,336.197391,565.15995,947.257326
solve_varying,1000,partitioning,q5,0.99,9.010042488815727E-7,670.755654,666.94485,1388.657207
solve_varying,1000,nf2_sparsev,q1,0.99,3.342571953459755E-4,14155.661124,4003.306727,18323.727491
solve_varying,1000,nf2_sparsev,q2,0.99,3.406647655156619E-4,12462.56133,3422.485745,16022.548048
solve_varying,1000,nf2_sparsev,q3,0.99,3.406647654220562E-4,15050.275505,3607.109121,18816.892752
solve_varying,1000,nf2_sparsev,q4,0.99,2.326050690733785E-10,4767.026739,627.485352,5446.932547
solve_varying,1000,nf2_sparsev,q5,0.99,9.010042488816065E-7,1627.75132,660.354375,2334.032219
solve_varying,1000,partitioning,q1,0.99,3.035247723747057E-4,8496.535057,3751.999293,12400.447271
solve_varying,1000,partitioning,q2,0.99,3.159750254893848E-4,5449.464269,3240.87072,8832.477605
solve_varying,1000,partitioning,q3,0.99,3.15975025404829E-4,7811.199716,3551.402936,11449.004789
solve_varying,1000,partitioning,q4,0.99,4.734042237829237E-11,534.938621,601.168289,1170.486482
solve_varying,1000,partitioning,q5,0.99,3.992876504968519E-8,663.091413,663.522618,1381.408286
solve_varying,1000,nf2_sparsev,q1,0.99,3.0352477237450886E-4,14649.805224,3930.014295,18723.170267
solve_varying,1000,nf2_sparsev,q2,0.99,3.159750254893865E-4,10253.133865,3341.147729,13732.948018
solve_varying,1000,nf2_sparsev,q3,0.99,3.15975025405689E-4,15239.717401,3617.017148,19027.468068
solve_varying,1000,nf2_sparsev,q4,0.99,4.7340422378345394E-11,4803.762526,604.664788,5442.833357
solve_varying,1000,nf2_sparsev,q5,0.99,3.992876504968558E-8,1750.489523,654.106401,2443.265067
solve_varying,1000,partitioning,q1,0.99,3.298831723263839E-4,8430.722021,3733.395268,12354.124403
solve_varying,1000,partitioning,q2,0.99,3.404121488224668E-4,6992.886297,3211.632462,10345.70453
solve_varying,1000,partitioning,q3,0.99,3.404121487358769E-4,7774.027069,3655.05367,11598.72604
solve_varying,1000,partitioning,q4,0.99,7.610755946178433E-10,578.871545,620.318733,1255.27361
solve_varying,1000,partitioning,q5,0.99,3.812816941207103E-7,713.092785,636.06467,1403.462534
solve_varying,1000,nf2_sparsev,q1,0.99,3.2988317232632747E-4,14512.935519,3875.01659,18601.392976
solve_varying,1000,nf2_sparsev,q2,0.99,3.4041214882294963E-4,12573.351331,3388.035859,16098.813071
solve_varying,1000,nf2_sparsev,q3,0.99,3.404121487042385E-4,15107.005478,3653.990047,18917.132007
solve_varying,1000,nf2_sparsev,q4,0.99,7.610755946178894E-10,4862.490341,644.519551,5562.230671
solve_varying,1000,nf2_sparsev,q5,0.99,3.8128169412071383E-7,1779.019327,713.299295,2540.509638
solve_varying,10000,partitioning,q1,0.01,1.1940662288840797E-6,351032.827267,1575908.129212,2404017.285407
solve_varying,10000,partitioning,q2,0.01,1.217612481976375E-6,306429.818838,86216.375173,397374.214127
solve_varying,10000,partitioning,q3,0.01,1.2176123538448595E-6,340021.371372,1137488.871215,2353285.674141
solve_varying,10000,partitioning,q4,0.01,9.321359753618035E-15,20711.552492,10264.076873,40959.306604
solve_varying,10000,partitioning,q5,0.01,2.6194539145355093E-12,17516.663991,6784.372054,25421.962838
solve_varying,10000,nf2_sparsev,q1,0.01,1.1940662401280484E-6,444686.034179,1516766.814562,2830129.193846
solve_varying,10000,nf2_sparsev,q2,0.01,1.2176124733269412E-6,361895.909979,200461.193664,578057.358257
solve_varying,10000,nf2_sparsev,q3,0.01,1.2176123531858947E-6,413360.213985,388836.742917,1390946.929804
solve_varying,10000,nf2_sparsev,q4,0.01,9.321359745946083E-15,598305.2581,11682.79661,626203.371012
solve_varying,10000,nf2_sparsev,q5,0.01,2.6194539145377764E-12,39460.068105,6508.23555,46750.993922
solve_varying,10000,partitioning,q1,0.01,4.086991619542878E-7,587996.060805,1948225.476649,3401875.266593
solve_varying,10000,partitioning,q2,0.01,4.1644572488453845E-7,375495.571896,106570.547898,499067.188785
solve_varying,10000,partitioning,q3,0.01,4.1644616052684956E-7,334344.468838,600318.216597,1442925.343619
solve_varying,10000,partitioning,q4,0.01,4.892101548562564E-15,18944.609849,8255.134767,29289.146378
solve_varying,10000,partitioning,q5,0.01,2.5341566890394028E-12,15928.32912,6483.280879,23082.574055
solve_varying,10000,nf2_sparsev,q1,0.01,4.0869915896858754E-7,371553.081225,1617179.248255,2702297.921482
solve_varying,10000,nf2_sparsev,q2,0.01,4.164457301362961E-7,480959.297986,123810.171009,663326.675192
solve_varying,10000,nf2_sparsev,q3,0.01,4.1644615929085464E-7,517341.31254,1415233.96518,2989556.052469
solve_varying,10000,nf2_sparsev,q4,0.01,4.892101540993755E-15,609419.098449,9705.557779,630681.36978
solve_varying,10000,nf2_sparsev,q5,0.01,2.534156689087274E-12,41721.751829,6634.656018,48875.747058
solve_varying,10000,partitioning,q1,0.01,3.061854862470072E-7,441912.863825,1453157.617663,2756018.782769
solve_varying,10000,partitioning,q2,0.01,3.121020516146677E-7,469394.002354,109453.940638,598345.372125
solve_varying,10000,partitioning,q3,0.01,3.1210116169023717E-7,413296.308476,1671683.624264,2783840.051004
solve_varying,10000,partitioning,q4,0.01,2.1034926973281082E-14,28242.129547,8431.463686,46653.052897
solve_varying,10000,partitioning,q5,0.01,3.3459711446046874E-12,17230.278351,6970.080242,24905.205514
solve_varying,10000,nf2_sparsev,q1,0.01,3.0618549479250677E-7,395404.295858,2045815.293327,3187948.511499
solve_varying,10000,nf2_sparsev,q2,0.01,3.1210161406550675E-7,346395.828652,172459.082918,523987.142113
solve_varying,10000,nf2_sparsev,q3,0.01,3.121011608103721E-7,412924.415,316757.769303,1354112.394693
solve_varying,10000,nf2_sparsev,q4,0.01,2.1034926979911584E-14,602666.236383,10527.780846,632315.989181
solve_varying,10000,nf2_sparsev,q5,0.01,3.3459711445999327E-12,40814.176625,6552.322406,48130.805775
solve_varying,10000,partitioning,q1,0.01,8.208465815219379E-7,895868.088088,1861161.14619,3891648.782677
solve_varying,10000,partitioning,q2,0.01,8.367691927061548E-7,286215.560065,141074.795299,432899.398779
solve_varying,10000,partitioning,q3,0.01,8.367689104617565E-7,336923.882393,551734.478444,1253436.025058
solve_varying,10000,partitioning,q4,0.01,1.1246268907701375E-14,23405.726863,8004.919378,35267.238325
solve_varying,10000,partitioning,q5,0.01,2.657583141344651E-12,17262.958512,6496.143422,24497.174324
solve_varying,10000,nf2_sparsev,q1,0.01,8.208465998962866E-7,491323.16663,1803777.278795,2847196.275664
solve_varying,10000,nf2_sparsev,q2,0.01,8.36769174733702E-7,363196.235551,171425.468871,540360.942581
solve_varying,10000,nf2_sparsev,q3,0.01,8.367689106162417E-7,426945.724679,732368.81173,1184671.028672
solve_varying,10000,nf2_sparsev,q4,0.01,1.1246268902620702E-14,591383.878669,8297.015299,601819.222483
solve_varying,10000,nf2_sparsev,q5,0.01,2.657583141329833E-12,39697.307113,6734.922692,46913.583807
solve_varying,10000,partitioning,q1,0.01,9.819378812101783E-7,658234.589466,1634447.621965,3130723.351068
solve_varying,10000,partitioning,q2,0.01,1.001265543958301E-6,448628.847435,180574.432821,664957.275235
solve_varying,10000,partitioning,q3,0.01,1.0012654349287598E-6,343403.763462,1390095.189794,2260908.412102
solve_varying,10000,partitioning,q4,0.01,1.1184518857233821E-14,28721.453196,9929.696434,49937.628832
solve_varying,10000,partitioning,q5,0.01,5.7922767941465996E-12,18035.928895,6618.25182,25729.142451
solve_varying,10000,nf2_sparsev,q1,0.01,9.81937881931278E-7,457245.534742,1831931.282899,3119361.791955
solve_varying,10000,nf2_sparsev,q2,0.01,1.0012655368937023E-6,527793.6702,134169.906553,758902.378761
solve_varying,10000,nf2_sparsev,q3,0.01,1.0012654346684073E-6,407754.78995,1215767.455784,1958330.909163
solve_varying,10000,nf2_sparsev,q4,0.01,1.118451885293739E-14,598549.872381,9377.636348,619082.180867
solve_varying,10000,nf2_sparsev,q5,0.01,5.792276794102949E-12,40331.840176,6628.977101,47897.350605
solve_varying,10000,partitioning,q1,0.25,1.1608264995861707E-5,370219.427126,1830998.3866,2371458.489615
solve_varying,10000,partitioning,q2,0.25,1.1720944382058597E-5,322168.167202,163498.08032,853572.598266
solve_varying,10000,partitioning,q3,0.25,1.1720955809247597E-5,363807.029788,1796142.671105,2696050.395355
solve_varying,10000,partitioning,q4,0.25,1.2705934841819532E-13,71081.411517,9532.52596,93621.204575
solve_varying,10000,partitioning,q5,0.25,2.486165880740314E-10,21025.767155,7957.745928,30044.671706
solve_varying,10000,partitioning,q1,0.25,7.927440800487278E-6,389074.306003,1959887.304978,2700543.859311
solve_varying,10000,partitioning,q2,0.25,8.01131148831525E-6,335578.528813,169975.364445,883599.727101
solve_varying,10000,partitioning,q3,0.25,8.01131650056875E-6,360648.065771,1861905.453396,2786544.485998
solve_varying,10000,partitioning,q4,0.25,2.2620747287969303E-13,67792.197523,11960.347705,94180.900646
solve_varying,10000,partitioning,q5,0.25,3.2810690596368004E-11,21534.695343,8232.693112,30856.045414
solve_varying,10000,partitioning,q1,0.25,1.022820563858624E-5,454369.230606,2158284.407696,3442898.072845
solve_varying,10000,partitioning,q2,0.25,1.0389214074971076E-5,351327.576641,180762.884062,690895.098594
solve_varying,10000,partitioning,q3,0.25,1.0389223008016555E-5,353954.57655,1709737.879344,2650036.589777
solve_varying,10000,partitioning,q4,0.25,8.963282828029551E-14,34307.000443,11415.607118,57077.698091
solve_varying,10000,partitioning,q5,0.25,3.5891506191540775E-11,22675.976899,7935.674317,31751.424832
solve_varying,10000,partitioning,q1,0.25,1.0291120208764374E-5,798216.124651,1818149.687227,3396284.717557
solve_varying,10000,partitioning,q2,0.25,1.0439876134303817E-5,348019.188579,191843.167938,637413.23329
solve_varying,10000,partitioning,q3,0.25,1.0439884338220582E-5,350354.508165,1584755.899962,2435048.192873
solve_varying,10000,partitioning,q4,0.25,1.2646343476067747E-13,42084.86932,11224.079894,63859.998572
solve_varying,10000,partitioning,q5,0.25,5.5217101187622824E-11,23337.171883,8451.403996,32867.083351
solve_varying,10000,partitioning,q1,0.25,1.1318538596807721E-5,712489.557711,2049197.286814,3728530.336169
solve_varying,10000,partitioning,q2,0.25,1.131929612249151E-5,352818.551276,281164.155724,649349.182199
solve_varying,10000,partitioning,q3,0.25,1.131930629518649E-5,354582.466444,1765737.68416,2619761.292412
solve_varying,10000,partitioning,q4,0.25,9.385162629206427E-14,104212.672681,10346.869663,159006.227026
solve_varying,10000,partitioning,q5,0.25,2.633593408035266E-11,117732.327631,18970.242015,155176.288053
solve_varying,10000,partitioning,q1,0.5,1.615049187178941E-5,565318.136338,2101825.139746,3644126.327399
solve_varying,10000,partitioning,q2,0.5,1.6333159470517342E-5,451369.812324,1294385.604401,1892611.083986
solve_varying,10000,partitioning,q3,0.5,1.6333197189645107E-5,413605.38405,1635887.971782,2881435.647628
solve_varying,10000,partitioning,q4,0.5,2.9161151411668156E-13,64348.874358,11243.864885,78552.201378
solve_varying,10000,partitioning,q5,0.5,6.631834629403715E-11,23277.483143,9589.950574,33759.205229
solve_varying,10000,partitioning,q1,0.5,1.9362429931793287E-5,404103.759225,2081827.659384,3144746.842652
solve_varying,10000,partitioning,q2,0.5,1.9649512759176882E-5,384641.484844,1494839.391257,1938985.706291
solve_varying,10000,partitioning,q3,0.5,1.9649546157042427E-5,388867.02924,1734748.193984,2911338.733104
solve_varying,10000,partitioning,q4,0.5,1.5315068466325884E-13,33277.471256,14573.667204,70299.553498
solve_varying,10000,partitioning,q5,0.5,5.589847736319761E-11,27674.307259,10621.207332,40356.269787
solve_varying,10000,partitioning,q1,0.5,2.0490734698046665E-5,786297.656024,1966123.186552,3674676.697093
solve_varying,10000,partitioning,q2,0.5,2.0574108922993986E-5,377061.922762,1468338.443434,2091856.831069
solve_varying,10000,partitioning,q3,0.5,2.0574150659818334E-5,374610.20185,1915368.976732,2947624.748403
solve_varying,10000,partitioning,q4,0.5,1.8406852990447053E-13,121185.93503,11056.768312,161898.0374
solve_varying,10000,partitioning,q5,0.5,7.590617829642127E-11,106304.620704,25090.94361,132131.201769
solve_varying,10000,partitioning,q1,0.5,2.1688838992376834E-5,534973.565791,2161023.672281,3643281.09585
solve_varying,10000,partitioning,q2,0.5,2.1786462654739726E-5,445280.668658,1306809.116344,1825482.004803
solve_varying,10000,partitioning,q3,0.5,2.17916228432098E-5,395547.332281,2281137.860051,3362099.464346
solve_varying,10000,partitioning,q4,0.5,2.519998852670525E-13,22665.135189,11328.970752,36519.273026
solve_varying,10000,partitioning,q5,0.5,1.9156423367203867E-10,23478.099607,9389.150943,33853.591231
solve_varying,10000,partitioning,q1,0.5,1.754814707938926E-5,402449.363851,2330372.711082,3408531.842878
solve_varying,10000,partitioning,q2,0.5,1.7814235142591273E-5,435567.097615,1293640.2297,2287968.434878
solve_varying,10000,partitioning,q3,0.5,1.781419317632174E-5,467944.792587,1740571.245003,3045562.047306
solve_varying,10000,partitioning,q4,0.5,1.3745879667888043E-13,41995.794832,12858.180793,65362.161983
solve_varying,10000,partitioning,q5,0.5,7.488359986720263E-11,109151.827899,25215.189913,179906.860852
solve_varying,10000,partitioning,q1,0.75,2.5839852400885574E-5,483806.49075,1962691.702736,3278137.3614
solve_varying,10000,partitioning,q2,0.75,2.5872303421816734E-5,405146.591211,2488582.279278,2917029.74405
solve_varying,10000,partitioning,q3,0.75,2.5872343303816194E-5,394215.367549,1967285.695357,3305346.227564
solve_varying,10000,partitioning,q4,0.75,6.772710316744285E-14,140902.101663,13785.999987,188720.810932
solve_varying,10000,partitioning,q5,0.75,1.4727143949824915E-10,51342.237638,13211.064497,67770.88645
solve_varying,10000,partitioning,q1,0.75,2.457744706268126E-5,457612.216553,2206947.575325,3797746.976977
solve_varying,10000,partitioning,q2,0.75,2.475385576621725E-5,494541.494239,1479496.280106,2770466.86218
solve_varying,10000,partitioning,q3,0.75,2.4753890828923318E-5,514126.228277,2667994.991211,3210229.081307
solve_varying,10000,partitioning,q4,0.75,1.2552995845637688E-13,33238.822011,13009.626641,48752.216502
solve_varying,10000,partitioning,q5,0.75,4.380996962504894E-11,22937.976452,11038.282729,34832.829567
solve_varying,10000,partitioning,q1,0.75,2.6405964360893054E-5,422751.181601,3089841.011954,3526655.014113
solve_varying,10000,partitioning,q2,0.75,2.66091105945439E-5,473859.439646,1507018.056018,2674089.815605
solve_varying,10000,partitioning,q3,0.75,2.660915063370011E-5,572580.811254,1830215.206499,3331523.862432
solve_varying,10000,partitioning,q4,0.75,4.567273675042585E-13,239428.755925,15502.297564,264233.551469
solve_varying,10000,partitioning,q5,0.75,7.114533738556961E-11,27944.880949,10937.865188,40577.682133
solve_varying,10000,partitioning,q1,0.75,2.4246212253988506E-5,479572.694652,1939526.267988,3321917.483581
solve_varying,10000,partitioning,q2,0.75,2.4273396769879873E-5,409424.763167,2007355.999953,2441648.916659
solve_varying,10000,partitioning,q3,0.75,2.4273393723312087E-5,380543.523557,1883808.848393,3146340.034502
solve_varying,10000,partitioning,q4,0.75,1.6481491686871767E-13,128057.571319,15066.991632,162427.95519
solve_varying,10000,partitioning,q5,0.75,3.603527327943679E-11,62846.969095,10917.068255,78798.911153
solve_varying,10000,partitioning,q1,0.75,2.1861747450638716E-5,435866.20996,2350194.092337,4351027.290513
solve_varying,10000,partitioning,q2,0.75,2.204347683376716E-5,377169.528178,1569452.926649,2760972.750188
solve_varying,10000,partitioning,q3,0.75,2.2043511774984962E-5,535905.464254,2070372.418729,3900668.418879
solve_varying,10000,partitioning,q4,0.75,4.23798028925082E-14,76121.660881,14448.622262,100012.482663
solve_varying,10000,partitioning,q5,0.75,8.442089573775388E-11,31346.997772,10846.300484,43692.947399
solve_varying,10000,partitioning,q1,0.99,2.734744030823505E-5,504009.026221,2172936.282413,3384116.540577
solve_varying,10000,partitioning,q2,0.99,2.7585152531856338E-5,441695.778658,2627431.098172,3100432.558381
solve_varying,10000,partitioning,q3,0.99,2.7585149543534583E-5,416686.472542,2012244.700865,3172208.805527
solve_varying,10000,partitioning,q4,0.99,1.7457391941003096E-13,31038.520443,15584.307997,50645.382964
solve_varying,10000,partitioning,q5,0.99,5.072634418678612E-11,30403.162817,12309.717438,43873.646278
solve_varying,10000,partitioning,q1,0.99,3.0271816638043537E-5,432569.601602,3016176.091892,3503892.100584
solve_varying,10000,partitioning,q2,0.99,3.0683687901266505E-5,551376.228923,1732306.688898,2947360.098263
solve_varying,10000,partitioning,q3,0.99,3.068368448381085E-5,436593.621742,2444165.076162,3613102.698071
solve_varying,10000,partitioning,q4,0.99,2.198818588209682E-14,32516.403216,14818.347881,50484.445354
solve_varying,10000,partitioning,q5,0.99,3.7628066275999906E-11,29521.784223,12384.005682,43062.262006
solve_varying,10000,partitioning,q1,0.99,2.740867756241277E-5,442140.807995,2181858.198518,3383486.698237
solve_varying,10000,partitioning,q2,0.99,2.7662735218219666E-5,1025153.179386,1872561.197993,3573481.22637
solve_varying,10000,partitioning,q3,0.99,2.766273262278094E-5,423454.246813,1974396.487618,3084346.325948
solve_varying,10000,partitioning,q4,0.99,1.3762852302983455E-13,31375.394772,14820.797794,49007.192924
solve_varying,10000,partitioning,q5,0.99,5.596323984662696E-11,29706.57781,12332.800303,43481.206234
solve_varying,10000,partitioning,q1,0.99,2.6834264267745498E-5,435378.669574,2920484.350758,3407281.517949
solve_varying,10000,partitioning,q2,0.99,2.7132305020838764E-5,527152.364797,1845388.384039,3040101.091504
solve_varying,10000,partitioning,q3,0.99,2.7132302245923114E-5,438444.390744,2277489.35728,3423052.526684
solve_varying,10000,partitioning,q4,0.99,3.953677665936539E-14,30761.488144,14669.028496,48671.691944
solve_varying,10000,partitioning,q5,0.99,5.956096167865422E-11,27711.180832,12372.874348,41256.236592
solve_varying,10000,partitioning,q1,0.99,2.7125055398961662E-5,432485.862535,2379743.380183,3583458.401359
solve_varying,10000,partitioning,q2,0.99,2.7477016398972313E-5,1090648.36905,1541315.736283,3220132.03656
solve_varying,10000,partitioning,q3,0.99,2.747702581975513E-5,424194.219484,1945528.102789,2952389.515832
solve_varying,10000,partitioning,q4,0.99,1.0184360044978224E-13,30417.761108,14839.921757,49609.293574
solve_varying,10000,partitioning,q5,0.99,7.785163448868111E-11,29783.48121,12331.346544,43172.36735
solve_varying,10000,nf2_sparsev,q1,0.25,1.0047420899604834E-5,405558.927568,1864025.887902,2853113.36876
solve_varying,10000,nf2_sparsev,q2,0.25,1.0224606786627238E-5,511566.867221,945877.376804,1521622.935931
solve_varying,10000,nf2_sparsev,q3,0.25,1.0224628728975194E-5,454004.615153,1383315.615607,2498304.413059
solve_varying,10000,nf2_sparsev,q4,0.25,3.4672303848699205E-14,749886.07998,19410.067619,782409.718592
solve_varying,10000,nf2_sparsev,q5,0.25,5.021100534833115E-11,49427.655932,7997.933792,59047.438194
solve_varying,10000,nf2_sparsev,q1,0.25,9.959998804089418E-6,789450.442854,1853034.029812,3246448.554088
solve_varying,10000,nf2_sparsev,q2,0.25,1.0132615853122279E-5,369020.366044,1111853.689179,1527096.79169
solve_varying,10000,nf2_sparsev,q3,0.25,1.0132626606778345E-5,446596.494019,1421926.555583,2473101.500274
solve_varying,10000,nf2_sparsev,q4,0.25,1.9059707446816334E-14,753017.119876,12519.285213,780120.004436
solve_varying,10000,nf2_sparsev,q5,0.25,6.018765601550989E-11,56039.897135,7966.091497,68248.998827
solve_varying,10000,nf2_sparsev,q1,0.25,1.097021070608426E-5,1025729.924586,1900681.629763,3544755.444982
solve_varying,10000,nf2_sparsev,q2,0.25,1.1115835705543724E-5,386564.720104,1105572.535091,1559160.304745
solve_varying,10000,nf2_sparsev,q3,0.25,1.111584375350495E-5,462607.101549,1629340.06767,2753899.864447
solve_varying,10000,nf2_sparsev,q4,0.25,3.7911312116287996E-14,766210.447213,11627.916341,811920.3284
solve_varying,10000,nf2_sparsev,q5,0.25,2.46675060129979E-11,209200.84095,26212.575181,273602.532724
solve_varying,10000,nf2_sparsev,q1,0.25,1.2878541057244595E-5,786877.464221,1779863.903723,3635504.801319
solve_varying,10000,nf2_sparsev,q2,0.25,1.3113995525925882E-5,403467.666357,217388.24759,816563.584305
solve_varying,10000,nf2_sparsev,q3,0.25,1.3114004658038934E-5,445752.384835,1370674.377789,2360304.185574
solve_varying,10000,nf2_sparsev,q4,0.25,3.079994138671891E-14,736087.663564,9866.347103,754818.180546
solve_varying,10000,nf2_sparsev,q5,0.25,3.381872707154523E-11,48963.633401,8023.242158,57963.134582
solve_varying,10000,nf2_sparsev,q1,0.25,1.0712414146894933E-5,803273.754978,1756134.50644,3613404.86755
solve_varying,10000,nf2_sparsev,q2,0.25,1.0840132573429385E-5,401741.916595,1136304.79892,1574715.542086
solve_varying,10000,nf2_sparsev,q3,0.25,1.0840123152932276E-5,450889.417222,1397317.286837,2580746.373637
solve_varying,10000,nf2_sparsev,q4,0.25,6.280960994418219E-14,736575.622021,10373.987263,763563.999201
solve_varying,10000,nf2_sparsev,q5,0.25,4.634654658145973E-11,50356.470238,8483.190549,240567.540619
solve_varying,10000,nf2_sparsev,q1,0.5,1.8926097516368236E-5,617020.825441,1813545.124025,3528200.64493
solve_varying,10000,nf2_sparsev,q2,0.5,1.8997331967808702E-5,507481.613688,1263286.9307,1856743.262805
solve_varying,10000,nf2_sparsev,q3,0.5,1.8997361000294278E-5,485312.007019,1768034.811114,3076532.994498
solve_varying,10000,nf2_sparsev,q4,0.5,5.760973593589213E-14,882167.212228,11328.358484,896332.82244
solve_varying,10000,nf2_sparsev,q5,0.5,2.091725181466626E-10,51123.929299,9568.328246,61373.498942
solve_varying,10000,nf2_sparsev,q1,0.5,2.2239589868497555E-5,425460.769133,2470261.560754,2920367.026664
solve_varying,10000,nf2_sparsev,q2,0.5,2.2587656424701866E-5,504530.63984,1228411.570309,1839277.999901
solve_varying,10000,nf2_sparsev,q3,0.5,2.2587696320721497E-5,482433.976608,1822535.71466,3254665.515598
solve_varying,10000,nf2_sparsev,q4,0.5,5.4624980832523805E-14,1035864.645342,15820.578767,1076683.872214
solve_varying,10000,nf2_sparsev,q5,0.5,7.214089190671942E-11,74459.601284,9471.399443,88030.38912
solve_varying,10000,nf2_sparsev,q1,0.5,1.9503275468541765E-5,480715.480027,1939539.131044,3436744.125865
solve_varying,10000,nf2_sparsev,q2,0.5,1.9822908910943895E-5,516954.041213,1271303.151694,1857941.404389
solve_varying,10000,nf2_sparsev,q3,0.5,1.9822944640522113E-5,522070.644188,1661210.893229,3261190.317148
solve_varying,10000,nf2_sparsev,q4,0.5,1.1365216017715366E-13,966614.126837,12577.319089,993494.000492
solve_varying,10000,nf2_sparsev,q5,0.5,4.67895694176038E-11,76624.69017,9501.6445,88854.343397
solve_varying,10000,nf2_sparsev,q1,0.5,2.004659486874065E-5,713085.722616,1871307.57045,3710323.697785
solve_varying,10000,nf2_sparsev,q2,0.5,2.038428378875336E-5,488687.865635,1271310.658768,1824486.906601
solve_varying,10000,nf2_sparsev,q3,0.5,2.038432373511482E-5,508702.761223,1702598.965291,2938976.369622
solve_varying,10000,nf2_sparsev,q4,0.5,2.963832264947971E-13,1015762.170399,11081.486645,1032995.092958
solve_varying,10000,nf2_sparsev,q5,0.5,5.883124166322343E-11,56951.63442,9597.037499,67268.55078
solve_varying,10000,nf2_sparsev,q1,0.5,1.8992277043560758E-5,434874.805685,1946786.990642,3178814.518718
solve_varying,10000,nf2_sparsev,q2,0.5,1.8947488730867368E-5,447669.101272,1319113.984671,1837483.529827
solve_varying,10000,nf2_sparsev,q3,0.5,1.894752094154822E-5,489671.945091,1775853.150621,3283615.905372
solve_varying,10000,nf2_sparsev,q4,0.5,4.659610312239331E-14,886830.388744,13985.250912,916348.896752
solve_varying,10000,nf2_sparsev,q5,0.5,5.126696045504906E-10,63591.633655,28795.440723,115898.808951
solve_varying,10000,nf2_sparsev,q1,0.75,2.5004066428022903E-5,783453.79993,2068399.465528,3790114.473044
solve_varying,10000,nf2_sparsev,q2,0.75,2.537689421823357E-5,458224.271167,1436641.067203,2521785.653769
solve_varying,10000,nf2_sparsev,q3,0.75,2.5376948085493836E-5,508907.25229,1776584.615442,3362305.609902
solve_varying,10000,nf2_sparsev,q4,0.75,2.727340792311629E-13,1031496.754194,13859.266403,1049168.989582
solve_varying,10000,nf2_sparsev,q5,0.75,6.54689526462622E-11,56832.850578,11061.795952,68963.174271
solve_varying,10000,nf2_sparsev,q1,0.75,2.4783463355229483E-5,455682.275369,1959606.494392,3072056.74858
solve_varying,10000,nf2_sparsev,q2,0.75,2.5105957336001713E-5,507053.715472,1335715.638766,2406832.815414
solve_varying,10000,nf2_sparsev,q3,0.75,2.5105939271331466E-5,495824.072678,2054718.608753,3368294.934491
solve_varying,10000,nf2_sparsev,q4,0.75,1.8055470909839136E-14,1131283.503854,15985.35929,1168209.670512
solve_varying,10000,nf2_sparsev,q5,0.75,7.311485528686315E-11,102373.258647,16388.061207,119699.635786
solve_varying,10000,nf2_sparsev,q1,0.75,2.381172343132574E-5,528210.094688,2129836.020142,3686649.48844
solve_varying,10000,nf2_sparsev,q2,0.75,2.399045341730945E-5,615179.142758,1304608.108391,2090674.500648
solve_varying,10000,nf2_sparsev,q3,0.75,2.3990499643797194E-5,612878.464492,2473855.828335,3114819.77463
solve_varying,10000,nf2_sparsev,q4,0.75,5.475361120077903E-14,1027627.190052,13078.401812,1043046.178219
solve_varying,10000,nf2_sparsev,q5,0.75,1.8337761555274025E-10,56297.10516,10951.706807,68264.45165
solve_varying,10000,nf2_sparsev,q1,0.75,2.4893843831015733E-5,456789.188976,3001261.753504,3474774.642491
solve_varying,10000,nf2_sparsev,q2,0.75,2.4984273928710525E-5,714909.620259,1662333.118284,2821394.298583
solve_varying,10000,nf2_sparsev,q3,0.75,2.498432167463563E-5,506578.781755,2022146.214807,3588719.186751
solve_varying,10000,nf2_sparsev,q4,0.75,1.18235374717571E-13,1037325.089175,13826.982,1058129.657166
solve_varying,10000,nf2_sparsev,q5,0.75,3.181213737668774E-11,60781.091521,11064.950083,72799.395433
solve_varying,10000,nf2_sparsev,q1,0.75,2.195212293517319E-5,465027.33111,2078772.305265,3281809.383781
solve_varying,10000,nf2_sparsev,q2,0.75,2.229200408651311E-5,423937.393978,1442978.985487,2844710.048607
solve_varying,10000,nf2_sparsev,q3,0.75,2.23081081727589E-5,743565.936446,1812727.585133,4226001.219701
solve_varying,10000,nf2_sparsev,q4,0.75,1.1634206325735319E-13,1190234.914553,14493.756343,1213779.077208
solve_varying,10000,nf2_sparsev,q5,0.75,5.342982057075575E-11,58747.182039,11707.738445,71461.340086
solve_varying,10000,nf2_sparsev,q1,0.99,2.858030578731645E-5,487611.819679,2141745.46096,3765341.406233
solve_varying,10000,nf2_sparsev,q2,0.99,2.873580120406004E-5,633852.160964,1885962.784917,3384806.456304
solve_varying,10000,nf2_sparsev,q3,0.99,2.8735798084054957E-5,558342.760144,2763776.574494,3354299.853672
solve_varying,10000,nf2_sparsev,q4,0.99,2.4224054050202377E-13,1179559.194044,14793.68106,1196931.203053
solve_varying,10000,nf2_sparsev,q5,0.99,2.299256658603191E-10,62196.483987,12669.172994,76165.601806
solve_varying,10000,nf2_sparsev,q1,0.99,2.8040580934000462E-5,485958.138912,2073500.589727,3663610.45986
solve_varying,10000,nf2_sparsev,q2,0.99,2.83102300763083E-5,1493206.823458,1438059.283287,3926008.573492
solve_varying,10000,nf2_sparsev,q3,0.99,2.8310226959911665E-5,637032.754944,1859212.114,3674067.690679
solve_varying,10000,nf2_sparsev,q4,0.99,5.52652307714252E-14,1189103.395424,16268.24741,1220330.808005
solve_varying,10000,nf2_sparsev,q5,0.99,6.566246352328875E-11,63683.113506,13002.368826,77898.913654
solve_varying,10000,nf2_sparsev,q1,0.99,2.8741928060144388E-5,569576.915768,2189010.255545,3879619.930274
solve_varying,10000,nf2_sparsev,q2,0.99,2.912297010118028E-5,591308.143093,1683381.583766,3249926.076625
solve_varying,10000,nf2_sparsev,q3,0.99,2.912296691984846E-5,564609.23412,2713398.526248,3318895.085499
solve_varying,10000,nf2_sparsev,q4,0.99,7.581222793664325E-14,1185182.897448,14732.462011,1202541.000962
solve_varying,10000,nf2_sparsev,q5,0.99,8.328767183033566E-11,62795.625747,12393.972626,76072.534465
solve_varying,10000,nf2_sparsev,q1,0.99,2.8433413399155044E-5,497886.188307,2144040.111755,3463625.735976
solve_varying,10000,nf2_sparsev,q2,0.99,2.8662469546727608E-5,1526699.557687,2362515.006605,3918351.313674
solve_varying,10000,nf2_sparsev,q3,0.99,2.8662466376594673E-5,536366.418392,1945257.501789,3363773.830627
solve_varying,10000,nf2_sparsev,q4,0.99,1.1530301250589674E-13,1180473.700334,14882.417642,1197983.134813
solve_varying,10000,nf2_sparsev,q5,0.99,7.09933397266306E-11,63112.586788,12369.109525,76716.895684
solve_varying,10000,nf2_sparsev,q1,0.99,2.8908030166026346E-5,484268.96628,2188741.937379,3486592.643652
solve_varying,10000,nf2_sparsev,q2,0.99,2.928806030513107E-5,1160214.311632,2372183.491544,3564345.543701
solve_varying,10000,nf2_sparsev,q3,0.99,2.9288057031944114E-5,533783.939062,2150220.487933,3450572.053278
solve_varying,10000,nf2_sparsev,q4,0.99,1.682113173097406E-13,1184350.579619,14789.789949,1201772.558984
solve_varying,10000,nf2_sparsev,q5,0.99,3.2948731167038757E-11,62553.330274,12299.181995,76005.574889
